prompt_idx,B0,M1,M4/cs1024,M4/cs2048,A4/cs1024,Trunc/lora_2048
138,0.0,0.0,0.0,0.0,0.0,0.0
139,0.0,0.0,0.0,0.0,0.0,0.0
140,0.0,0.0,0.0,0.0,1.0,0.0
142,0.0,0.0,0.0,0.0,0.0,0.0
143,1.0,0.0,1.0,1.0,0.0,1.0
145,1.0,1.0,1.0,1.0,1.0,1.0
147,1.0,0.0,1.0,1.0,1.0,1.0
151,0.0,0.0,1.0,0.0,0.0,0.0
152,0.1818181818181818,0.2,0.30769230769230765,0.0,0.0,0.30769230769230765
154,0.0,0.0,0.0,0.0,0.0,0.0
155,0.0,0.0,1.0,0.0,0.0,0.0
156,0.0,0.0,0.0,0.0,0.0,0.0
