prompt_idx,B0,M1,M4/cs1024,M4/cs2048,A4/cs1024,Trunc/lora_2048
88,0.0,0.0,1.0,0.0,0.0,0.0
89,1.0,0.0,0.0,0.0,0.0,0.0
93,0.0,1.0,1.0,1.0,1.0,1.0
94,1.0,1.0,1.0,1.0,1.0,1.0
96,0.13333333333333333,0.0,1.0,1.0,0.0,1.0
97,0.0,0.0,0.0,0.0,0.0,0.0
99,1.0,0.0,0.0,0.0,0.0,0.0
107,0.0,0.0,0.0,0.0,0.0,0.0
113,0.0,0.0,0.0,0.0,0.0,0.0
117,0.21428571428571427,0.26086956521739124,0.21428571428571427,0.26086956521739124,0.2,0.07407407407407408
123,1.0,1.0,1.0,1.0,1.0,1.0
124,1.0,0.4,0.0,0.0,0.0,0.0
