{
  "B0\nplain": {
    "test": {
      "micro": 22.40546146122183,
      "macro": 0,
      "tasks": {
        "lb/qasper": 25.850230414746544,
        "lb/2wikimqa": 26.515151515151516,
        "lb/qasper_e": 6.06060606060606,
        "lb/hotpotqa_e": 44.56349206349207,
        "lb/2wikimqa_e": 17.460317460317462
      }
    },
    "extended_test": {
      "micro": 22.417483661205438,
      "macro": 0,
      "tasks": {
        "lb/qasper": 18.881913725729184,
        "lb/2wikimqa": 19.556277056277054,
        "lb/qasper_e": 13.473004203256021,
        "lb/hotpotqa_e": 45.87734845799361,
        "lb/2wikimqa_e": 21.627871218035153
      }
    }
  },
  "Trunc\nplain 1024": {
    "test": {
      "micro": 17.89086278378315,
      "macro": 18.08664217614014,
      "tasks": {
        "lb/qasper": 29.796850246948093,
        "lb/2wikimqa": 25.0,
        "lb/qasper_e": 13.76136063375261,
        "lb/hotpotqa_e": 9.375,
        "lb/2wikimqa_e": 12.5
      }
    },
    "extended_test": {
      "micro": 17.88140951031596,
      "macro": 18.88680651431215,
      "tasks": {
        "lb/qasper": 23.723132711882048,
        "lb/2wikimqa": 18.61552028218695,
        "lb/qasper_e": 14.690861098145154,
        "lb/hotpotqa_e": 23.879928315412183,
        "lb/2wikimqa_e": 13.524590163934427
      }
    }
  },
  "M2 NAMM\ncs1024": {
    "test": {
      "micro": 19.273294003496037,
      "macro": 20.08344535551931,
      "tasks": {
        "lb/qasper": 26.888831481959873,
        "lb/2wikimqa": 25.0,
        "lb/qasper_e": 7.617223134464514,
        "lb/hotpotqa_e": 18.58974358974359,
        "lb/2wikimqa_e": 22.321428571428573
      }
    },
    "extended_test": {
      "micro": 18.69938109651339,
      "macro": 18.929574564667394,
      "tasks": {
        "lb/qasper": 20.870055840421923,
        "lb/2wikimqa": 19.76088368600446,
        "lb/qasper_e": 10.640678778325515,
        "lb/hotpotqa_e": 22.723029658513532,
        "lb/2wikimqa_e": 20.65322486007153
      }
    }
  },
  "M1 LoRA\n(full cache)": {
    "test": {
      "micro": 27.974156127097306,
      "macro": 28.394026791412408,
      "tasks": {
        "lb/qasper": 28.738505503211382,
        "lb/2wikimqa": 18.333333333333336,
        "lb/qasper_e": 22.263374485596707,
        "lb/hotpotqa_e": 40.88888888888889,
        "lb/2wikimqa_e": 31.746031746031747
      }
    },
    "extended_test": {
      "micro": 25.750181583588127,
      "macro": 26.38630198557244,
      "tasks": {
        "lb/qasper": 26.315639611251196,
        "lb/2wikimqa": 23.358585858585858,
        "lb/qasper_e": 20.65284794031523,
        "lb/hotpotqa_e": 34.77750206782465,
        "lb/2wikimqa_e": 26.826934449885268
      }
    }
  },
  "Trunc\nLoRA 1024": {
    "test": {
      "micro": 25.079005110330826,
      "macro": 25.652750598210048,
      "tasks": {
        "lb/qasper": 26.26966699430468,
        "lb/2wikimqa": 26.515151515151516,
        "lb/qasper_e": 20.161474164133736,
        "lb/hotpotqa_e": 33.888888888888886,
        "lb/2wikimqa_e": 21.428571428571427
      }
    },
    "extended_test": {
      "micro": 23.707286706075045,
      "macro": 24.83892755491703,
      "tasks": {
        "lb/qasper": 25.16248481062542,
        "lb/2wikimqa": 18.952220618887285,
        "lb/qasper_e": 25.365495539149652,
        "lb/hotpotqa_e": 34.086021505376344,
        "lb/2wikimqa_e": 20.62841530054645
      }
    }
  },
  "M1 under\nNAMM cs1024": {
    "test": {
      "micro": 27.29251127066678,
      "macro": 27.630782617852997,
      "tasks": {
        "lb/qasper": 21.27146386282599,
        "lb/2wikimqa": 27.564102564102566,
        "lb/qasper_e": 25.490507834497603,
        "lb/hotpotqa_e": 35.256410256410255,
        "lb/2wikimqa_e": 28.571428571428573
      }
    },
    "extended_test": {
      "micro": 21.762542254863423,
      "macro": 22.585780486823182,
      "tasks": {
        "lb/qasper": 18.664647767059268,
        "lb/2wikimqa": 20.827002215891103,
        "lb/qasper_e": 18.02372626291699,
        "lb/hotpotqa_e": 35.21446295639844,
        "lb/2wikimqa_e": 20.199063231850122
      }
    }
  },
  "M4 LoRA\n+NAMM cs1024": {
    "test": {
      "micro": 33.50836814312991,
      "macro": 33.87676967409301,
      "tasks": {
        "lb/qasper": 33.25717901719473,
        "lb/2wikimqa": 25.0,
        "lb/qasper_e": 27.81223246740488,
        "lb/hotpotqa_e": 43.518518518518526,
        "lb/2wikimqa_e": 39.795918367346935
      }
    },
    "extended_test": {
      "micro": 25.837569210284624,
      "macro": 26.83234810191084,
      "tasks": {
        "lb/qasper": 25.458513404359547,
        "lb/2wikimqa": 17.740493208329465,
        "lb/qasper_e": 25.333792395606878,
        "lb/hotpotqa_e": 38.45878136200716,
        "lb/2wikimqa_e": 27.17016013925114
      }
    }
  },
  "A4 LoRA\n(no NAMM)": {
    "test": {
      "micro": 36.068840847165966,
      "macro": 35.89949322707943,
      "tasks": {
        "lb/qasper": 51.59340659340659,
        "lb/2wikimqa": 22.222222222222218,
        "lb/qasper_e": 36.99136112929216,
        "lb/hotpotqa_e": 45.83333333333334,
        "lb/2wikimqa_e": 22.857142857142858
      }
    },
    "extended_test": {
      "micro": 24.908101045689577,
      "macro": 25.814798048273616,
      "tasks": {
        "lb/qasper": 34.48506020238616,
        "lb/2wikimqa": 19.101019008426412,
        "lb/qasper_e": 25.460865392721907,
        "lb/hotpotqa_e": 25.947063688999176,
        "lb/2wikimqa_e": 24.079981948834405
      }
    }
  }
}