{
  "n_prompts": 70,
  "n_layers": 16,
  "aggregate": {
    "base_vs_m1": {
      "jaccard": [
        0.9948516047897138,
        0.9791136592552925,
        0.9738870437283658,
        0.9668708799758686,
        0.9663489980035394,
        0.9439134878059601,
        0.9423100641634256,
        0.9468150593187507,
        0.9304547622753948,
        0.9391059839834347,
        0.9363083838646146,
        0.9408082290247888,
        0.9350162128693437,
        0.9468268235824975,
        0.9349505585601755,
        0.9398521265514883
      ],
      "drift_frac": [
        0.0051483952102862034,
        0.02088634074470761,
        0.02611295627163437,
        0.03312912002413152,
        0.03365100199646052,
        0.0560865121940402,
        0.057689935836574335,
        0.05318494068124949,
        0.06954523772460523,
        0.060894016016565175,
        0.06369161613538547,
        0.05919177097521129,
        0.06498378713065624,
        0.05317317641750275,
        0.06504944143982448,
        0.06014787344851171
      ]
    },
    "base_vs_m4": {
      "jaccard": [
        0.9874826963293684,
        0.8487729583524439,
        0.8513385336497256,
        0.8373368999359927,
        0.8543514201389348,
        0.7833633320446799,
        0.7418936703207875,
        0.7919341145226403,
        0.7605855219102112,
        0.772797637354172,
        0.7618492778701974,
        0.7940076994754472,
        0.7572233646057163,
        0.7937692644220972,
        0.762747311445115,
        0.7828574142845828
      ],
      "drift_frac": [
        0.012517303670631539,
        0.15122704164755615,
        0.14866146635027427,
        0.16266310006400744,
        0.14564857986106514,
        0.21663666795532022,
        0.2581063296792128,
        0.20806588547735969,
        0.23941447808978872,
        0.22720236264582794,
        0.2381507221298024,
        0.20599230052455275,
        0.2427766353942837,
        0.20623073557790272,
        0.23725268855488513,
        0.2171425857154171
      ]
    },
    "m1_vs_m4": {
      "jaccard": [
        0.987715402106015,
        0.8486870459631941,
        0.8519891012650488,
        0.8387589018127275,
        0.8557052833862747,
        0.7857122230533905,
        0.7474938578334032,
        0.7958409376503068,
        0.7600360756088538,
        0.7747961173070346,
        0.7648966095465569,
        0.7945635435615532,
        0.7599747885006365,
        0.793781630824039,
        0.7619886396120309,
        0.7853262334874677
      ],
      "drift_frac": [
        0.012284597893984844,
        0.15131295403680606,
        0.1480108987349512,
        0.16124109818727267,
        0.14429471661372537,
        0.21428777694660942,
        0.2525061421665968,
        0.2041590623496933,
        0.23996392439114622,
        0.2252038826929654,
        0.2351033904534429,
        0.2054364564384467,
        0.2400252114993635,
        0.20621836917596098,
        0.23801136038796916,
        0.21467376651253245
      ]
    }
  }
}