{
  "ks_distance_scores": {
    "B0__M1": {
      "mean_ks": 0.003303446899168178,
      "per_layer_ks": [
        0.00046874999999999,
        0.0014062499999999978,
        0.001757812500000011,
        0.0015234375000000022,
        0.0028710937499999423,
        0.002935488763950597,
        0.0050163069336424115,
        0.003652343750000009,
        0.002846736234764724,
        0.00535308391378736,
        0.005061410418295331,
        0.005198976813469258,
        0.003783093003857152,
        0.002539062500000022,
        0.0051025346291526386,
        0.0033387696757714025
      ],
      "per_layer_pvalue": [
        1.0,
        0.9999999996388752,
        0.9999983234427612,
        0.9999999882992496,
        0.9838423864071796,
        0.9831152981952702,
        0.7382978070956165,
        0.8829887585052428,
        0.9980740353419824,
        0.647998458589647,
        0.6777403370787328,
        0.4973424077104025,
        0.8841081532836758,
        0.9963756190444596,
        0.5457398619508687,
        0.9533954437692934
      ]
    },
    "B0__M4": {
      "mean_ks": 0.019442006853393853,
      "per_layer_ks": [
        0.0008984375000000155,
        0.014433593750000001,
        0.011308593749999984,
        0.010957031249999916,
        0.007792968750000018,
        0.03621110493729163,
        0.03027568068489056,
        0.0336328125,
        0.014721801774184279,
        0.02259701109129919,
        0.03245412428149194,
        0.022331842517602674,
        0.0233994692823421,
        0.01683593750000001,
        0.021539640100746604,
        0.011682059984452708
      ],
      "per_layer_pvalue": [
        1.0,
        4.616434292256849e-05,
        0.002844985849228656,
        0.004248612039580309,
        0.08878432366294653,
        7.386344717141627e-29,
        6.863674376243791e-16,
        1.3574085674827694e-25,
        0.000749248629398287,
        6.561577371901195e-09,
        2.2425160779022393e-19,
        2.0288802540849056e-11,
        6.506389808082029e-12,
        9.841926808014242e-07,
        2.983217523442404e-10,
        0.0026845901289730707
      ]
    },
    "M1__M4": {
      "mean_ks": 0.019867531098408074,
      "per_layer_ks": [
        0.00101562500000002,
        0.014785156250000014,
        0.011562499999999976,
        0.010488281250000009,
        0.006503906249999969,
        0.0371682572649874,
        0.03054690452549247,
        0.03390625,
        0.01471495163478792,
        0.026592194144843595,
        0.031157851394705144,
        0.026906887178544003,
        0.021199755440663243,
        0.01779296874999997,
        0.02013140588732304,
        0.013407602603182411
      ],
      "per_layer_pvalue": [
        1.0,
        2.7275543005252517e-05,
        0.0021128756354843324,
        0.007110796275752194,
        0.22798401695513504,
        2.2955758828992855e-30,
        3.3187198645384545e-16,
        5.269638050079193e-26,
        0.0007696191007247981,
        3.4803672784933183e-12,
        5.7663357602740826e-18,
        2.192167652056832e-16,
        7.243908752446742e-10,
        1.802158871380325e-07,
        5.0817886580351655e-09,
        0.00034004719191141466
      ]
    },
    "_samples_kept": {
      "B0": 754816,
      "M1": 755064,
      "M4": 764040
    }
  },
  "meta": {
    "conditions": [
      "B0",
      "M1",
      "M4"
    ],
    "dumps_root": "/cs/student/project_msc/2025/dsml/mathweil/evo-memory/eval_results/section_c_smoke",
    "n_prompts": 5,
    "prompt_keys": [
      [
        "lb__2wikimqa",
        120
      ],
      [
        "lb__2wikimqa_e",
        106
      ],
      [
        "lb__hotpotqa_e",
        88
      ],
      [
        "lb__qasper",
        153
      ],
      [
        "lb__qasper_e",
        156
      ]
    ],
    "seed": 0
  },
  "pairwise_iou": {
    "B0__B0": {
      "mean": 1.0,
      "n_prompts": 5,
      "per_layer_mean": [
        1.0,
        1.0,
        1.0,
        1.0,
        1.0,
        1.0,
        1.0,
        1.0,
        1.0,
        1.0,
        1.0,
        1.0,
        1.0,
        1.0,
        1.0,
        1.0
      ],
      "per_layer_std": [
        0.0,
        0.0,
        0.0,
        0.0,
        0.0,
        0.0,
        0.0,
        0.0,
        0.0,
        0.0,
        0.0,
        0.0,
        0.0,
        0.0,
        0.0,
        0.0
      ],
      "per_prompt_mean": [
        1.0,
        1.0,
        1.0,
        1.0,
        1.0
      ],
      "std": 0.0
    },
    "B0__M1": {
      "mean": 0.9461363062327948,
      "n_prompts": 5,
      "per_layer_mean": [
        0.9947477238969109,
        0.9789417315001862,
        0.9746429408700805,
        0.9690300336355897,
        0.9670482316228023,
        0.9238926624195936,
        0.9378809508743879,
        0.9440596824237982,
        0.922450956249483,
        0.9379278009368843,
        0.9264450732432072,
        0.9306610313345949,
        0.924819780960585,
        0.9441644555144204,
        0.9313797541636457,
        0.9300880900785462
      ],
      "per_layer_std": [
        0.0038113726102856436,
        0.01035727016564193,
        0.013733828750142755,
        0.012805363203394364,
        0.01625416770834874,
        0.02067908790031488,
        0.024659328483195367,
        0.023933460937267954,
        0.027781333351440875,
        0.019861754929091396,
        0.02131658758621303,
        0.020817585627505138,
        0.017491390835830102,
        0.024262422474325192,
        0.016541258943208792,
        0.01958184625840209
      ],
      "per_prompt_mean": [
        0.9415938754364017,
        0.9503354089732428,
        0.9527695880119023,
        0.9428185628989644,
        0.9431640958434626
      ],
      "std": 0.02949852024712409
    },
    "B0__M4": {
      "mean": 0.7756326845656242,
      "n_prompts": 5,
      "per_layer_mean": [
        0.987542522955855,
        0.8230935114862721,
        0.8477660817596279,
        0.8141495584243404,
        0.8511887211382065,
        0.7037426523600837,
        0.7264834911371773,
        0.754231809656223,
        0.7506601965254325,
        0.7601881200643243,
        0.7585134867125337,
        0.7281479423127506,
        0.7109038283454229,
        0.7496587062073905,
        0.7080108773469499,
        0.735841446617397
      ],
      "per_layer_std": [
        0.005106185441356679,
        0.11816256467483882,
        0.07481584908264914,
        0.05525495531132575,
        0.06663725426555706,
        0.049389268557388295,
        0.06627029242127916,
        0.09269475369195698,
        0.05037407485341925,
        0.04905007096817566,
        0.03838849544397299,
        0.059017696621133466,
        0.05692068128145603,
        0.059550644012741155,
        0.04969274389930453,
        0.053451971912876095
      ],
      "per_prompt_mean": [
        0.763182600114839,
        0.7723305494176629,
        0.7985749127022637,
        0.7789776892572425,
        0.7650976713361128
      ],
      "std": 0.09570200999598294
    },
    "M1__M1": {
      "mean": 1.0,
      "n_prompts": 5,
      "per_layer_mean": [
        1.0,
        1.0,
        1.0,
        1.0,
        1.0,
        1.0,
        1.0,
        1.0,
        1.0,
        1.0,
        1.0,
        1.0,
        1.0,
        1.0,
        1.0,
        1.0
      ],
      "per_layer_std": [
        0.0,
        0.0,
        0.0,
        0.0,
        0.0,
        0.0,
        0.0,
        0.0,
        0.0,
        0.0,
        0.0,
        0.0,
        0.0,
        0.0,
        0.0,
        0.0
      ],
      "per_prompt_mean": [
        1.0,
        1.0,
        1.0,
        1.0,
        1.0
      ],
      "std": 0.0
    },
    "M1__M4": {
      "mean": 0.7738204080820053,
      "n_prompts": 5,