,B0,M1,M4/cs1024,M4/cs2048,A4/cs1024,A4/cs2048,Trunc/lora_1024,Trunc/lora_2048
B0,1.0,0.5575757575757576,0.6402439024390244,0.6666666666666666,0.6708074534161491,0.5892857142857143,0.6608187134502924,0.6748466257668712
M1,0.5575757575757576,1.0,0.5094339622641509,0.5987261146496815,0.5384615384615384,0.5761589403973509,0.5644171779141104,0.6598639455782312
M4/cs1024,0.6402439024390244,0.5094339622641509,1.0,0.6858974358974359,0.6258064516129033,0.5822784810126582,0.5705882352941176,0.610062893081761
M4/cs2048,0.6666666666666666,0.5987261146496815,0.6858974358974359,1.0,0.6540880503144654,0.7171052631578947,0.6352941176470588,0.66875
A4/cs1024,0.6708074534161491,0.5384615384615384,0.6258064516129033,0.6540880503144654,1.0,0.7123287671232876,0.5257142857142857,0.5515151515151515
A4/cs2048,0.5892857142857143,0.5761589403973509,0.5822784810126582,0.7171052631578947,0.7123287671232876,1.0,0.5406976744186046,0.5679012345679012
Trunc/lora_1024,0.6608187134502924,0.5644171779141104,0.5705882352941176,0.6352941176470588,0.5257142857142857,0.5406976744186046,1.0,0.7712418300653595
Trunc/lora_2048,0.6748466257668712,0.6598639455782312,0.610062893081761,0.66875,0.5515151515151515,0.5679012345679012,0.7712418300653595,1.0
