,B0,M1,M4/cs1024,M4/cs2048,A4/cs1024,A4/cs2048,Trunc/lora_1024,Trunc/lora_2048
B0,1.0,0.5454545454545454,0.6415094339622641,0.6792452830188679,0.6909090909090909,0.660377358490566,0.6607142857142857,0.6727272727272727
M1,0.5454545454545454,1.0,0.5102040816326531,0.5510204081632653,0.6,0.5625,0.6326530612244898,0.6458333333333334
M4/cs1024,0.6415094339622641,0.5102040816326531,1.0,0.7333333333333333,0.64,0.75,0.6078431372549019,0.6530612244897959
M4/cs2048,0.6792452830188679,0.5510204081632653,0.7333333333333333,1.0,0.75,0.7954545454545454,0.68,0.7291666666666666
A4/cs1024,0.6909090909090909,0.6,0.64,0.75,1.0,0.8444444444444444,0.5714285714285714,0.6415094339622641
A4/cs2048,0.660377358490566,0.5625,0.75,0.7954545454545454,0.8444444444444444,1.0,0.5961538461538461,0.64
Trunc/lora_1024,0.6607142857142857,0.6326530612244898,0.6078431372549019,0.68,0.5714285714285714,0.5961538461538461,1.0,0.8913043478260869
Trunc/lora_2048,0.6727272727272727,0.6458333333333334,0.6530612244897959,0.7291666666666666,0.6415094339622641,0.64,0.8913043478260869,1.0
