,B0,M1,M4/cs1024,M4/cs2048,A4/cs1024,A4/cs2048,Trunc/lora_1024,Trunc/lora_2048
B0,1.0,0.3333333333333333,0.3888888888888889,0.375,0.38461538461538464,0.3484848484848485,0.4426229508196721,0.4411764705882353
M1,0.3333333333333333,1.0,0.37777777777777777,0.38271604938271603,0.3902439024390244,0.34523809523809523,0.38271604938271603,0.5061728395061729
M4/cs1024,0.3888888888888889,0.37777777777777777,1.0,0.5072463768115942,0.49295774647887325,0.4583333333333333,0.38666666666666666,0.425
M4/cs2048,0.375,0.38271604938271603,0.5072463768115942,1.0,0.4461538461538462,0.576271186440678,0.3939393939393939,0.3972602739726027
A4/cs1024,0.38461538461538464,0.3902439024390244,0.49295774647887325,0.4461538461538462,1.0,0.6101694915254238,0.3055555555555556,0.3333333333333333
A4/cs2048,0.3484848484848485,0.34523809523809523,0.4583333333333333,0.576271186440678,0.6101694915254238,1.0,0.32857142857142857,0.32051282051282054
Trunc/lora_1024,0.4426229508196721,0.38271604938271603,0.38666666666666666,0.3939393939393939,0.3055555555555556,0.32857142857142857,1.0,0.5692307692307692
Trunc/lora_2048,0.4411764705882353,0.5061728395061729,0.425,0.3972602739726027,0.3333333333333333,0.32051282051282054,0.5692307692307692,1.0
