,B0,M1,M4/cs1024,M4/cs2048,A4/cs1024,A4/cs2048,Trunc/lora_1024,Trunc/lora_2048
B0,1.0,0.32,0.4,0.4782608695652174,0.45454545454545453,0.44,0.42857142857142855,0.43478260869565216
M1,0.32,1.0,0.3793103448275862,0.56,0.48,0.4642857142857143,0.5909090909090909,0.6521739130434783
M4/cs1024,0.4,0.3793103448275862,1.0,0.64,0.4444444444444444,0.5925925925925926,0.48,0.5384615384615384
M4/cs2048,0.4782608695652174,0.56,0.64,1.0,0.6521739130434783,0.75,0.5652173913043478,0.6956521739130435
A4/cs1024,0.45454545454545453,0.48,0.4444444444444444,0.6521739130434783,1.0,0.8181818181818182,0.4166666666666667,0.48
A4/cs2048,0.44,0.4642857142857143,0.5925925925925926,0.75,0.8181818181818182,1.0,0.46153846153846156,0.5769230769230769
Trunc/lora_1024,0.42857142857142855,0.5909090909090909,0.48,0.5652173913043478,0.4166666666666667,0.46153846153846156,1.0,0.75
Trunc/lora_2048,0.43478260869565216,0.6521739130434783,0.5384615384615384,0.6956521739130435,0.48,0.5769230769230769,0.75,1.0
