{
  "n_prompts": 70,
  "n_layers": 17,
  "hidden_l2": {
    "M1 full \u2192 M1+NAMM": [
      0.0,
      0.09947110366608415,
      0.19501634665897916,
      0.2653058694941657,
      0.46377882276262555,
      0.9290810363633292,
      1.166570586817605,
      1.5108676510197776,
      1.6450359003884452,
      1.9039104214736393,
      2.4555619972092764,
      2.5583567704473222,
      3.1300943187304906,
      3.652946237155369,
      4.514497593470982,
      6.408093401363918,
      37.10328301021031
    ],
    "M1 full \u2192 A4 full": [
      0.0,
      0.2610876326050077,
      0.7263801830155509,
      1.0854624458721707,
      1.4966657791818891,
      1.9305845175470624,
      2.345536892754691,
      2.9800301892416816,
      3.235737064906529,
      3.7200207029070174,
      4.483626685823713,
      4.742740556171962,
      5.506275606155396,
      6.424744619641985,
      7.901107617786953,
      10.75495115007673,
      72.71755049569266
    ],
    "M1+NAMM \u2192 A4 full": [
      0.0,
      0.30895431893212455,
      0.8101698747703008,
      1.182639889206205,
      1.602363019330161,
      2.1436128905841283,
      2.544029368673052,
      3.10156432560512,
      3.4233519928795952,
      3.9507220813206265,
      4.992993872506278,
      5.207029417582921,
      6.124105426243373,
      7.1950686727251325,
      8.888812262671335,
      12.16843923841204,
      79.39906038556781
    ]
  },
  "hidden_cos": {
    "M1 full \u2192 M1+NAMM": [
      1.000000238418579,
      0.9974170838083539,
      0.9943037169320242,
      0.9940270636762891,
      0.9875895568302699,
      0.9501786802496229,
      0.941957518032619,
      0.9205898404121399,
      0.9143300661018916,
      0.9204130777290889,
      0.9136544031756265,
      0.923318042925426,
      0.9258890262671879,
      0.9306590327194759,
      0.935761867250715,
      0.9153052398136684,
      0.9219648046152932
    ],
    "M1 full \u2192 A4 full": [
      1.000000238418579,
      0.9831418548311506,
      0.9267145003591265,
      0.901818687575204,
      0.8647437913077218,
      0.8105847035135542,
      0.785391343491418,
      0.6981172927788326,
      0.6697592905589512,
      0.7035470945494515,
      0.7131692903382437,
      0.7389181196689606,
      0.7641624459198543,
      0.777122735125678,
      0.795223377432142,
      0.7555034952504295,
      0.7317355155944825
    ],
    "M1+NAMM \u2192 A4 full": [
      1.000000238418579,
      0.9762237591402871,
      0.9075966826507024,
      0.8810097924300603,
      0.8394752374717167,
      0.759823077065604,
      0.7409673052174705,
      0.6587067144257682,
      0.6135951859610421,
      0.6533033209187644,
      0.6405021803719657,
      0.6793853282928467,
      0.7108378529548645,
      0.7295308683599745,
      0.7525199949741364,
      0.6992355925696236,
      0.6776592441967555
    ]
  },
  "attn_entropy": {
    "M1_full": [
      3.671212707247053,
      1.531485525199345,
      1.053771208013807,
      1.7359169057437351,
      2.566453855378287,
      1.9983036313738143,
      2.8043544803346907,
      2.9431278603417534,
      2.790026617050171,
      2.623224255016872,
      2.6852696691240583,
      2.4454685500689917,
      2.1167976192065647,
      2.463214979852949,
      3.2080299190112522,
      2.734402370452881
    ],
    "A4_full": [
      3.6717083624431064,
      1.4666267735617502,
      1.1432003847190313,
      1.6642726165907724,
      2.260367900984628,
      2.1961182236671446,
      2.6679728542055403,
      2.662068540709359,
      2.744168881007603,
      3.1529139995574953,
      2.866523333958217,
      2.610061355999538,
      1.7978758335113525,
      2.646482106617519,
      2.8407513550349646,
      2.467723345756531
    ]
  },
  "attn_corr": [
    0.9999115924750056,
    0.9953403975282397,
    0.9959887255249279,
    0.98625260522323,
    0.9495461219921708,
    0.9373346324743969,
    0.8480200525772359,
    0.8630600525265826,
    0.8359312169786011,
    0.8420827957103029,
    0.8621623366356029,
    0.8976851477886417,
    0.9164210247574374,
    0.9272368599261557,
    0.8413773961165654,
    0.8876519032754004
  ],
  "attn_mad": [
    1.8015947586848468e-06,
    2.069408170167922e-05,
    3.086993913581994e-05,
    3.6975476905354296e-05,
    6.497260957465707e-05,
    8.266023484923477e-05,
    0.00011012236791430041,
    0.00010529707817892943,
    0.00011040064221430969,
    0.00011991615163943996,
    0.0001094194538641854,
    0.00010415790748083965,
    9.297023856821137e-05,
    9.016334375441406e-05,
    0.0001335331104720743,
    9.825847529490212e-05
  ],
  "pos_mass": {
    "M1_full": {
      "first": [
        0.09813485369086265,
        0.7003248563834599,
        0.8197263096060071,
        0.6911390951701573,
        0.4740585075957435,
        0.5633358291217259,
        0.30962300811495097,
        0.37423625120094844,
        0.3393594563007355,
        0.3125240764447621,
        0.5017084228140968,
        0.5586517001901354,
        0.5618556295122419,
        0.5831293076276779,
        0.4370624529463904,
        0.41502658767359596
      ],
      "middle": [
        0.02078027291489499,
        0.002963953506800213,
        0.0030965779492232418,
        0.007184908761908966,
        0.011872477629887206,
        0.007869442998032486,
        0.010339848344613399,
        0.01220036868139037,
        0.02610503826290369,
        0.014385054796002805,
        0.06347624433359929,
        0.05162719092997057,
        0.05236988760797041,
        0.06399345290181892,
        0.1207402483693191,
        0.08607000101889883
      ],
      "last": [
        0.8810830439840044,
        0.2966957437140601,
        0.17719659826585224,
        0.3017148916210447,
        0.5140953762190682,
        0.4287815025874547,
        0.6800464238439288,
        0.613520210981369,
        0.6345336241381508,
        0.6730940708092281,
        0.4348233810492924,
        0.3897027598960059,
        0.3857611543365887,
        0.35285755353314535,
        0.442192647925445,
        0.49887660699231284
      ]
    },
    "A4_full": {
      "first": [
        0.09807792412383216,
        0.693356226171766,
        0.8048804589680263,
        0.694755038193294,
        0.539082614013127,
        0.5639294752052852,
        0.42596342052732195,
        0.532359146646091,
        0.37217496037483216,
        0.2615392844591822,
        0.5323316139834268,
        0.5314482497317451,
        0.6454270669392177,
        0.6194580861500332,
        0.5584474976573671,
        0.5426783284970692
      ],
      "middle": [
        0.020919948789690224,
        0.002019239162161414,
        0.0058111665803673015,
        0.01149351437176977,
        0.007309830794110894,
        0.016895728358732803,
        0.01770487301982939,
        0.02074528164230287,
        0.029897012361990553,
        0.02153342259781701,
        0.09894569803561483,
        0.06682714460683721,
        0.05875055161304772,
        0.08633609994181565,
        0.1296857370861939,
        0.08351042728338923
      ],
      "last": [
        0.8809838056564331,
        0.3046654530933925,
        0.18933088843311582,
        0.29370761726583755,
        0.4536122603075845,
        0.4191757836512157,
        0.556341952085495,
        0.4468897704567228,
        0.5978925270693642,
        0.7169248827866146,
        0.3687164579119001,
        0.401731310571943,
        0.2958018164549555,
        0.29419450802462443,
        0.31185875300850185,
        0.373779735820634
      ]
    }
  }
}