{
  "B0": {
    "test": {
      "lb/qasper": 9.187838699570205,
      "lb/2wikimqa": 20.714285714285715,
      "lb/qasper_e": 11.608364876455218,
      "lb/hotpotqa_e": 28.31196581196581,
      "lb/2wikimqa_e": 30.272108843537413,
      "mean": 20.018912789162872,
      "micro": 19.281497881353125,
      "n": 70
    },
    "extended_test": {
      "lb/qasper": 11.53889539119092,
      "lb/2wikimqa": 23.104056437389772,
      "lb/qasper_e": 12.598976121431253,
      "lb/hotpotqa_e": 40.49864114380243,
      "lb/2wikimqa_e": 20.840795334527254,
      "mean": 21.716272885668324,
      "micro": 21.085549074049247,
      "n": 224
    }
  },
  "B1/cs1024": {
    "test": {
      "lb/qasper": 15.702116493148784,
      "lb/2wikimqa": 7.942605168836068,
      "lb/qasper_e": 15.162078299333201,
      "lb/hotpotqa_e": 10.147058823529413,
      "lb/2wikimqa_e": 9.12183055040198,
      "mean": 11.61513786704989,
      "micro": 11.964694798658487,
      "n": 70
    },
    "extended_test": {
      "lb/qasper": 13.607786209816245,
      "lb/2wikimqa": 7.366754972584062,
      "lb/qasper_e": 10.017663710301846,
      "lb/hotpotqa_e": 5.053252717636845,
      "lb/2wikimqa_e": 8.16558874719958,
      "mean": 8.842209271507716,
      "micro": 8.700081275595807,
      "n": 224
    }
  },
  "B1/cs2048": {
    "test": {
      "lb/qasper": 16.089428226952982,
      "lb/2wikimqa": 7.798880685877589,
      "lb/qasper_e": 14.406963052296053,
      "lb/hotpotqa_e": 15.548061329795075,
      "lb/2wikimqa_e": 11.662531679338404,
      "mean": 13.101172994852021,
      "micro": 13.257372540249717,
      "n": 70
    },
    "extended_test": {
      "lb/qasper": 12.928211539451764,
      "lb/2wikimqa": 7.6534618163146,
      "lb/qasper_e": 11.597330757840178,
      "lb/hotpotqa_e": 13.055904003671905,
      "lb/2wikimqa_e": 10.865054983309985,
      "mean": 11.219992620117685,
      "micro": 10.839144197767103,
      "n": 224
    }
  },
  "M1": {
    "test": {
      "lb/qasper": 45.033787259610435,
      "lb/2wikimqa": 10.0,
      "lb/qasper_e": 35.62382168704008,
      "lb/hotpotqa_e": 30.507246376811594,
      "lb/2wikimqa_e": 30.158730158730158,
      "mean": 30.264717096438453,
      "micro": 31.143014153503263,
      "n": 70
    },
    "extended_test": {
      "lb/qasper": 35.922369794922915,
      "lb/2wikimqa": 23.589065255731924,
      "lb/qasper_e": 27.81248706287814,
      "lb/hotpotqa_e": 47.83076203833567,
      "lb/2wikimqa_e": 31.925578974759304,
      "mean": 33.41605262532559,
      "micro": 31.843364744590062,
      "n": 224
    }
  },
  "M2/cs1024": {
    "test": {
      "lb/qasper": 10.391470347656284,
      "lb/2wikimqa": 27.564102564102566,
      "lb/qasper_e": 11.02353803099225,
      "lb/hotpotqa_e": 17.460317460317462,
      "lb/2wikimqa_e": 21.029281277728483,
      "mean": 17.49374193615941,
      "micro": 16.837246394375537,
      "n": 70
    },
    "extended_test": {
      "lb/qasper": 11.534013260844812,
      "lb/2wikimqa": 15.708882843385767,
      "lb/qasper_e": 11.365545582658438,
      "lb/hotpotqa_e": 32.16550474614991,
      "lb/2wikimqa_e": 15.723393182409577,
      "mean": 17.2994679230897,
      "micro": 16.5019679729901,
      "n": 224
    }
  },
  "M2/cs2048": {
    "test": {
      "lb/qasper": 9.653668372183619,
      "lb/2wikimqa": 25.0,
      "lb/qasper_e": 6.612442490087279,
      "lb/hotpotqa_e": 25.793650793650794,
      "lb/2wikimqa_e": 13.605442176870751,
      "mean": 16.133040766558487,
      "micro": 15.059647457602024,
      "n": 70
    },
    "extended_test": {
      "lb/qasper": 11.180671071873482,
      "lb/2wikimqa": 14.957511624178291,
      "lb/qasper_e": 8.654942535527013,
      "lb/hotpotqa_e": 32.781734394637624,
      "lb/2wikimqa_e": 19.919333853760087,
      "mean": 17.4988386959953,
      "micro": 16.94164102657568,
      "n": 224
    }
  },
  "M4/cs1024": {
    "test": {
      "lb/qasper": 19.548663896489984,
      "lb/2wikimqa": 27.564102564102566,
      "lb/qasper_e": 34.83371357847529,
      "lb/hotpotqa_e": 26.388888888888886,
      "lb/2wikimqa_e": 18.76159554730983,
      "mean": 25.419392895053313,
      "micro": 25.868376772309283,
      "n": 70
    },
    "extended_test": {
      "lb/qasper": 13.5414854995041,
      "lb/2wikimqa": 21.28982453543857,
      "lb/qasper_e": 24.662538314796013,
      "lb/hotpotqa_e": 41.15207373271889,
      "lb/2wikimqa_e": 19.93177884125853,
      "mean": 24.11554018474322,
      "micro": 23.254498296470917,
      "n": 224
    }
  },
  "M4/cs2048": {
    "test": {
      "lb/qasper": 13.879779735362083,
      "lb/2wikimqa": 24.207621082621085,
      "lb/qasper_e": 13.85443273903075,
      "lb/hotpotqa_e": 26.78571428571429,
      "lb/2wikimqa_e": 23.46938775510204,
      "mean": 20.43938711956605,
      "micro": 19.77411655127251,
      "n": 70
    },
    "extended_test": {
      "lb/qasper": 11.224325610070512,
      "lb/2wikimqa": 28.31310664643998,
      "lb/qasper_e": 8.770567894190288,
      "lb/hotpotqa_e": 38.863287250384026,
      "lb/2wikimqa_e": 20.487211277953808,
      "mean": 21.531699735807724,
      "micro": 21.187562920892205,
      "n": 224
    }
  },
  "Trunc/plain_1024": {
    "test": {
      "lb/qasper": 10.677270147433537,
      "lb/2wikimqa": 27.964426877470355,
      "lb/qasper_e": 12.37910372810616,
      "lb/hotpotqa_e": 8.333333333333334,
      "lb/2wikimqa_e": 14.285714285714286,
      "mean": 14.727969674411534,
      "micro": 14.398268167137495,
      "n": 70
    },
    "extended_test": {
      "lb/qasper": 10.80249003166016,
      "lb/2wikimqa": 17.431248300813515,
      "lb/qasper_e": 13.000901116123593,
      "lb/hotpotqa_e": 23.887945670628184,
      "lb/2wikimqa_e": 14.108569026601812,
      "mean": 15.846230829165453,
      "micro": 15.563203424155914,
      "n": 224
    }
  },
  "Trunc/plain_2048": {
    "test": {
      "lb/qasper": 8.081487730182797,
      "lb/2wikimqa": 29.761904761904763,
      "lb/qasper_e": 10.132907496822238,
      "lb/hotpotqa_e": 8.333333333333334,
      "lb/2wikimqa_e": 6.9062407571724345,
      "mean": 12.643174815883114,
      "micro": 12.133762727266154,
      "n": 70
    },
    "extended_test": {
      "lb/qasper": 10.153470293687516,
      "lb/2wikimqa": 26.121532788199456,
      "lb/qasper_e": 11.709830814919625,
      "lb/hotpotqa_e": 27.526881720430108,
      "lb/2wikimqa_e": 17.618322518536345,
      "mean": 18.62600762715461,
      "micro": 18.759718948263952,
      "n": 224
    }
  },
  "Trunc/lora_m1_1024": {
    "test": {
      "lb/qasper": 24.35015672935841,
      "lb/2wikimqa": 26.515151515151516,
      "lb/qasper_e": 32.2292005773652,
      "lb/hotpotqa_e": 9.375,
      "lb/2wikimqa_e": 16.666666666666668,
      "mean": 21.82723509770836,
      "micro": 22.64347080169633,
      "n": 70
    },
    "extended_test": {
      "lb/qasper": 19.507740322005994,
      "lb/2wikimqa": 18.581850248516915,
      "lb/qasper_e": 27.318301461180027,
      "lb/hotpotqa_e": 28.36021505376344,
      "lb/2wikimqa_e": 17.531876138433518,
      "mean": 22.25999664477998,
      "micro": 21.575538312720973,
      "n": 224
    }
  },
  "Trunc/lora_m1_2048": {
    "test": {
      "lb/qasper": 39.08768185636827,
      "lb/2wikimqa": 26.666666666666668,
      "lb/qasper_e": 29.72539533859937,
      "lb/hotpotqa_e": 16.666666666666668,
      "lb/2wikimqa_e": 25.510204081632654,
      "mean": 27.531322921986725,
      "micro": 27.991821703240028,
      "n": 70
    },
    "extended_test": {
      "lb/qasper": 25.681205014698676,
      "lb/2wikimqa": 29.135802469135804,
      "lb/qasper_e": 27.317016546777946,
      "lb/hotpotqa_e": 31.93548387096774,
      "lb/2wikimqa_e": 25.284933645589387,
      "mean": 27.870888309433912,
      "micro": 27.60756967560906,
      "n": 224
    }
  },
  "M1_recency/cs1024": {
    "test": {
      "lb/qasper": 0.0,
      "lb/2wikimqa": 0.0,
      "lb/qasper_e": 0.0,
      "lb/hotpotqa_e": 0.0,
      "lb/2wikimqa_e": 0.0,
      "mean": 0.0,
      "micro": 0.0,
      "n": 70
    },