{
  "B1/cs1024": {
    "test": {
      "lb/qasper": 22.770562770562773,
      "lb/2wikimqa": 10.416666666666666,
      "lb/qasper_e": 7.264957264957265,
      "lb/hotpotqa_e": 10.59577677224736,
      "lb/2wikimqa_e": 6.547619047619047,
      "mean": 11.519116504410622,
      "micro": 11.333901392724922,
      "n": 70
    },
    "extended_test": {
      "lb/qasper": 12.232041988684978,
      "lb/2wikimqa": 4.423290640610902,
      "lb/qasper_e": 4.803954625933727,
      "lb/hotpotqa_e": 14.242793891750246,
      "lb/2wikimqa_e": 4.272703616965912,
      "mean": 7.994956952789153,
      "micro": 6.934939653138563,
      "n": 224
    }
  },
  "B1/cs2048": {
    "test": {
      "lb/qasper": 23.456690368455074,
      "lb/2wikimqa": 7.626262626262626,
      "lb/qasper_e": 6.140350877192983,
      "lb/hotpotqa_e": 9.25925925925926,
      "lb/2wikimqa_e": 9.680451127819548,
      "mean": 11.232602851797898,
      "micro": 11.101036562336871,
      "n": 70
    },
    "extended_test": {
      "lb/qasper": 13.791334500134978,
      "lb/2wikimqa": 4.22096545640166,
      "lb/qasper_e": 7.356774715302544,
      "lb/hotpotqa_e": 18.240143369175627,
      "lb/2wikimqa_e": 8.354283329667787,
      "mean": 10.39270027413652,
      "micro": 9.297866978161185,
      "n": 224
    }
  },
  "M2/cs1024": {
    "test": {
      "lb/qasper": 7.666183195686301,
      "lb/2wikimqa": 19.23076923076923,
      "lb/qasper_e": 9.026856339102979,
      "lb/hotpotqa_e": 9.96031746031746,
      "lb/2wikimqa_e": 9.87012987012987,
      "mean": 11.150851219201169,
      "micro": 10.83264053311886,
      "n": 70
    },
    "extended_test": {
      "lb/qasper": 12.69508243777502,
      "lb/2wikimqa": 19.011783105350354,
      "lb/qasper_e": 13.376341565073878,
      "lb/hotpotqa_e": 26.356492969396196,
      "lb/2wikimqa_e": 22.045573091860458,
      "mean": 18.69705463389118,
      "micro": 18.79474052832986,
      "n": 224
    }
  },
  "M2/cs2048": {
    "test": {
      "lb/qasper": 19.814621500774223,
      "lb/2wikimqa": 25.0,
      "lb/qasper_e": 7.295173961840629,
      "lb/hotpotqa_e": 12.27969348659004,
      "lb/2wikimqa_e": 15.178571428571429,
      "mean": 15.913612075555264,
      "micro": 15.265345059472157,
      "n": 70
    },
    "extended_test": {
      "lb/qasper": 20.670832189027085,
      "lb/2wikimqa": 21.461189118567855,
      "lb/qasper_e": 10.624328275756854,
      "lb/hotpotqa_e": 24.70734678743577,
      "lb/2wikimqa_e": 20.056629281085275,
      "mean": 19.504065130374567,
      "micro": 19.18960749862972,
      "n": 224
    }
  },
  "M4/cs1024": {
    "test": {
      "lb/qasper": 7.817167352771067,
      "lb/2wikimqa": 44.230769230769226,
      "lb/qasper_e": 21.90957190957191,
      "lb/hotpotqa_e": 26.78571428571429,
      "lb/2wikimqa_e": 20.74829931972789,
      "mean": 24.298304419710878,
      "micro": 23.52123757121546,
      "n": 70
    },
    "extended_test": {
      "lb/qasper": 24.45861819417069,
      "lb/2wikimqa": 21.973684210526315,
      "lb/qasper_e": 26.754590557137373,
      "lb/hotpotqa_e": 34.8310291858679,
      "lb/2wikimqa_e": 23.10739035257923,
      "mean": 26.2250625000563,
      "micro": 25.39856522981893,
      "n": 224
    }
  },
  "M4/cs2048": {
    "test": {
      "lb/qasper": 35.73876501499162,
      "lb/2wikimqa": 25.0,
      "lb/qasper_e": 29.861681748605932,
      "lb/hotpotqa_e": 35.11904761904762,
      "lb/2wikimqa_e": 31.405895691609974,
      "mean": 31.425078014851028,
      "micro": 31.41377275422715,
      "n": 70
    },
    "extended_test": {
      "lb/qasper": 21.42250160002747,
      "lb/2wikimqa": 22.669285447063224,
      "lb/qasper_e": 22.51532422652321,
      "lb/hotpotqa_e": 26.98924731182796,
      "lb/2wikimqa_e": 23.931764956355117,
      "mean": 23.5056247083594,
      "micro": 23.401208521279866,
      "n": 224
    }
  },
  "Trunc/plain_2048": {
    "test": {
      "lb/qasper": 24.80572336141127,
      "lb/2wikimqa": 25.0,
      "lb/qasper_e": 12.423893873169236,
      "lb/hotpotqa_e": 17.283950617283953,
      "lb/2wikimqa_e": 14.285714285714286,
      "mean": 18.75985642751575,
      "micro": 18.261680345488738,
      "n": 70
    },
    "extended_test": {
      "lb/qasper": 19.96673748889912,
      "lb/2wikimqa": 17.226631393298064,
      "lb/qasper_e": 12.72395850676132,
      "lb/hotpotqa_e": 31.905615292712074,
      "lb/2wikimqa_e": 19.53551912568306,
      "mean": 20.27169236147073,
      "micro": 19.353645209529592,
      "n": 224
    }
  },
  "Trunc/lora_m1_2048": {
    "test": {
      "lb/qasper": 31.55939298796442,
      "lb/2wikimqa": 27.564102564102566,
      "lb/qasper_e": 30.03794559350115,
      "lb/hotpotqa_e": 33.95061728395062,
      "lb/2wikimqa_e": 21.428571428571427,
      "mean": 28.908125971618034,
      "micro": 28.867016581302295,
      "n": 70
    },
    "extended_test": {
      "lb/qasper": 30.6224968142526,
      "lb/2wikimqa": 18.722357889024554,
      "lb/qasper_e": 31.675915675488376,
      "lb/hotpotqa_e": 41.851851851851855,
      "lb/2wikimqa_e": 23.82903981264637,
      "mean": 29.34033240865275,
      "micro": 27.674099022833527,
      "n": 224
    }
  },
  "M1_recency/cs1024": {
    "test": {
      "lb/qasper": 0.0,
      "lb/2wikimqa": 0.0,
      "lb/qasper_e": 0.0,
      "lb/hotpotqa_e": 0.0,
      "lb/2wikimqa_e": 0.0,
      "mean": 0.0,
      "micro": 0.0,
      "n": 70
    },
    "extended_test": {
      "lb/qasper": 0.0,
      "lb/2wikimqa": 0.0,
      "lb/qasper_e": 0.0,
      "lb/hotpotqa_e": 0.0,
      "lb/2wikimqa_e": 0.0,
      "mean": 0.0,
      "micro": 0.0,
      "n": 224
    }
  },
  "M1_under_NAMM/cs1024": {
    "test": {
      "lb/qasper": 19.423159839441063,
      "lb/2wikimqa": 27.564102564102566,
      "lb/qasper_e": 27.482394149060813,
      "lb/hotpotqa_e": 35.333333333333336,
      "lb/2wikimqa_e": 26.190476190476186,
      "mean": 27.198693215282788,
      "micro": 26.97204614101667,
      "n": 70
    },
    "extended_test": {
      "lb/qasper": 17.52036214562939,
      "lb/2wikimqa": 19.237028403695074,
      "lb/qasper_e": 22.281916556897617,
      "lb/hotpotqa_e": 33.56989247311827,
      "lb/2wikimqa_e": 20.093676814988292,
      "mean": 22.54057527886573,
      "micro": 21.83392962704427,
      "n": 224
    }
  },
  "M1_under_NAMM/cs2048": {
    "test": {
      "lb/qasper": 35.34307882133969,
      "lb/2wikimqa": 27.564102564102566,
      "lb/qasper_e": 28.57943603154331,
      "lb/hotpotqa_e": 35.18518518518518,
      "lb/2wikimqa_e": 32.6530612244898,
      "mean": 31.864972765332105,
      "micro": 31.70524660286922,
      "n": 70
    },
    "extended_test": {
      "lb/qasper": 24.2619181780247,
      "lb/2wikimqa": 20.732539065872402,
      "lb/qasper_e": 21.52039746103154,
      "lb/hotpotqa_e": 34.318996415770606,
      "lb/2wikimqa_e": 26.923146545384608,
      "mean": 25.551399533216774,
      "micro": 24.96463215454777,
      "n": 224
    }
  },
  "A4/cs1024_no_namm": {
    "test": {
      "lb/qasper": 27.37457143385829,
      "lb/2wikimqa": 19.047619047619047,
      "lb/qasper_e": 21.442637759710934,
      "lb/hotpotqa_e": 25.61728395061728,
      "lb/2wikimqa_e": 17.460317460317462,
      "mean": 22.188485930424598,
      "micro": 22.137639431029903,
      "n": 70
    },
    "extended_test": {
      "lb/qasper": 25.960237262825864,
      "lb/2wikimqa": 22.231040564373902,
      "lb/qasper_e": 20.255561893161406,
      "lb/hotpotqa_e": 31.571546732837053,
      "lb/2wikimqa_e": 25.679769175429737,
      "mean": 25.139631125725593,
      "micro": 24.58992633210359,
      "n": 224
    }
  },
  "A4/cs2048_no_namm": {
    "test": {
      "lb/qasper": 29.901424519651123,
      "lb/2wikimqa": 18.780193236714975,
      "lb/qasper_e": 32.78641111974444,
      "lb/hotpotqa_e": 35.7830459770115,
      "lb/2wikimqa_e": 31.746031746031747,
      "mean": 29.799421319830753,
      "micro": 30.113980834852537,
      "n": 70
    },
    "extended_test": {
      "lb/qasper": 26.384666019567682,
      "lb/2wikimqa": 28.876752279371143,