{
  "B0": {
    "test": {
      "lb/qasper": 25.850230414746544,
      "lb/2wikimqa": 26.515151515151516,
      "lb/qasper_e": 6.06060606060606,
      "lb/hotpotqa_e": 44.56349206349207,
      "lb/2wikimqa_e": 17.460317460317462,
      "mean": 24.089959502862733,
      "micro": 22.40546146122183,
      "n": 70
    },
    "extended_test": {
      "lb/qasper": 18.338067109979246,
      "lb/2wikimqa": 17.858746192079526,
      "lb/qasper_e": 13.111654777634385,
      "lb/hotpotqa_e": 45.87734845799361,
      "lb/2wikimqa_e": 23.267215480330236,
      "mean": 23.690606403603404,
      "micro": 22.30278798286053,
      "n": 224
    }
  },
  "B1/cs1024": {
    "test": {
      "lb/qasper": 22.770562770562773,
      "lb/2wikimqa": 10.416666666666666,
      "lb/qasper_e": 7.264957264957265,
      "lb/hotpotqa_e": 10.59577677224736,
      "lb/2wikimqa_e": 6.547619047619047,
      "mean": 11.519116504410622,
      "micro": 11.333901392724922,
      "n": 70
    },
    "extended_test": {
      "lb/qasper": 12.232041988684978,
      "lb/2wikimqa": 4.423290640610902,
      "lb/qasper_e": 4.803954625933727,
      "lb/hotpotqa_e": 14.242793891750246,
      "lb/2wikimqa_e": 4.272703616965912,
      "mean": 7.994956952789153,
      "micro": 6.934939653138563,
      "n": 224
    }
  },
  "B1/cs2048": {
    "test": {
      "lb/qasper": 23.456690368455074,
      "lb/2wikimqa": 7.626262626262626,
      "lb/qasper_e": 6.140350877192983,
      "lb/hotpotqa_e": 9.25925925925926,
      "lb/2wikimqa_e": 9.680451127819548,
      "mean": 11.232602851797898,
      "micro": 11.101036562336871,
      "n": 70
    },
    "extended_test": {
      "lb/qasper": 13.791334500134978,
      "lb/2wikimqa": 4.22096545640166,
      "lb/qasper_e": 7.356774715302544,
      "lb/hotpotqa_e": 18.240143369175627,
      "lb/2wikimqa_e": 8.354283329667787,
      "mean": 10.39270027413652,
      "micro": 9.297866978161185,
      "n": 224
    }
  },
  "M1": {
    "test": {
      "lb/qasper": 45.033787259610435,
      "lb/2wikimqa": 10.0,
      "lb/qasper_e": 35.62382168704008,
      "lb/hotpotqa_e": 30.507246376811594,
      "lb/2wikimqa_e": 30.158730158730158,
      "mean": 30.264717096438453,
      "micro": 31.143014153503263,
      "n": 70
    },
    "extended_test": {
      "lb/qasper": 35.922369794922915,
      "lb/2wikimqa": 23.589065255731924,
      "lb/qasper_e": 27.81248706287814,
      "lb/hotpotqa_e": 47.83076203833567,
      "lb/2wikimqa_e": 31.925578974759304,
      "mean": 33.41605262532559,
      "micro": 31.843364744590062,
      "n": 224
    }
  },
  "M2/cs1024": {
    "test": {
      "lb/qasper": 7.666183195686301,
      "lb/2wikimqa": 19.23076923076923,
      "lb/qasper_e": 9.026856339102979,
      "lb/hotpotqa_e": 9.96031746031746,
      "lb/2wikimqa_e": 9.87012987012987,
      "mean": 11.150851219201169,
      "micro": 10.83264053311886,
      "n": 70
    },
    "extended_test": {
      "lb/qasper": 12.69508243777502,
      "lb/2wikimqa": 19.011783105350354,
      "lb/qasper_e": 13.376341565073878,
      "lb/hotpotqa_e": 26.356492969396196,
      "lb/2wikimqa_e": 22.045573091860458,
      "mean": 18.69705463389118,
      "micro": 18.79474052832986,
      "n": 224
    }
  },
  "M2/cs2048": {
    "test": {
      "lb/qasper": 19.814621500774223,
      "lb/2wikimqa": 25.0,
      "lb/qasper_e": 7.295173961840629,
      "lb/hotpotqa_e": 12.27969348659004,
      "lb/2wikimqa_e": 15.178571428571429,
      "mean": 15.913612075555264,
      "micro": 15.265345059472157,
      "n": 70
    },
    "extended_test": {
      "lb/qasper": 20.670832189027085,
      "lb/2wikimqa": 21.461189118567855,
      "lb/qasper_e": 10.624328275756854,
      "lb/hotpotqa_e": 24.70734678743577,
      "lb/2wikimqa_e": 20.056629281085275,
      "mean": 19.504065130374567,
      "micro": 19.18960749862972,
      "n": 224
    }
  },
  "M4/cs1024": {
    "test": {
      "lb/qasper": 7.817167352771067,
      "lb/2wikimqa": 44.230769230769226,
      "lb/qasper_e": 21.90957190957191,
      "lb/hotpotqa_e": 26.78571428571429,
      "lb/2wikimqa_e": 20.74829931972789,
      "mean": 24.298304419710878,
      "micro": 23.52123757121546,
      "n": 70
    },
    "extended_test": {
      "lb/qasper": 24.45861819417069,
      "lb/2wikimqa": 21.973684210526315,
      "lb/qasper_e": 26.754590557137373,
      "lb/hotpotqa_e": 34.8310291858679,
      "lb/2wikimqa_e": 23.10739035257923,
      "mean": 26.2250625000563,
      "micro": 25.39856522981893,
      "n": 224
    }
  },
  "M4/cs2048": {
    "test": {
      "lb/qasper": 35.73876501499162,
      "lb/2wikimqa": 25.0,
      "lb/qasper_e": 29.861681748605932,
      "lb/hotpotqa_e": 35.11904761904762,
      "lb/2wikimqa_e": 31.405895691609974,
      "mean": 31.425078014851028,
      "micro": 31.41377275422715,
      "n": 70
    },
    "extended_test": {
      "lb/qasper": 21.42250160002747,
      "lb/2wikimqa": 22.669285447063224,
      "lb/qasper_e": 22.51532422652321,
      "lb/hotpotqa_e": 26.98924731182796,
      "lb/2wikimqa_e": 23.931764956355117,
      "mean": 23.5056247083594,
      "micro": 23.401208521279866,
      "n": 224
    }
  },
  "Trunc/plain_1024": {
    "test": {
      "lb/qasper": 29.796850246948093,
      "lb/2wikimqa": 26.515151515151516,
      "lb/qasper_e": 13.989535236927214,
      "lb/hotpotqa_e": 9.375,
      "lb/2wikimqa_e": 12.5,
      "mean": 18.435307399805364,
      "micro": 18.20927651291116,
      "n": 70
    },
    "extended_test": {
      "lb/qasper": 23.35548565305852,
      "lb/2wikimqa": 18.952220618887285,
      "lb/qasper_e": 14.549580277516508,
      "lb/hotpotqa_e": 23.521505376344088,
      "lb/2wikimqa_e": 13.524590163934427,
      "mean": 18.780676417948165,
      "micro": 17.831441132813445,
      "n": 224
    }
  },
  "Trunc/plain_2048": {
    "test": {
      "lb/qasper": 24.80572336141127,
      "lb/2wikimqa": 25.0,
      "lb/qasper_e": 12.423893873169236,
      "lb/hotpotqa_e": 17.283950617283953,
      "lb/2wikimqa_e": 14.285714285714286,
      "mean": 18.75985642751575,
      "micro": 18.261680345488738,
      "n": 70
    },
    "extended_test": {
      "lb/qasper": 19.96673748889912,
      "lb/2wikimqa": 17.226631393298064,
      "lb/qasper_e": 12.72395850676132,
      "lb/hotpotqa_e": 31.905615292712074,
      "lb/2wikimqa_e": 19.53551912568306,
      "mean": 20.27169236147073,
      "micro": 19.353645209529592,
      "n": 224
    }
  },
  "Trunc/lora_m1_1024": {
    "test": {
      "lb/qasper": 26.350835825473506,
      "lb/2wikimqa": 26.515151515151516,
      "lb/qasper_e": 27.19613462669018,
      "lb/hotpotqa_e": 33.888888888888886,
      "lb/2wikimqa_e": 21.428571428571427,
      "mean": 27.075916456955106,
      "micro": 26.904151566936246,
      "n": 70
    },
    "extended_test": {
      "lb/qasper": 25.50167382901617,
      "lb/2wikimqa": 18.581850248516915,
      "lb/qasper_e": 28.149150555459617,
      "lb/hotpotqa_e": 37.31182795698925,
      "lb/2wikimqa_e": 18.989071038251367,
      "mean": 25.706714725646663,
      "micro": 24.23810000669452,
      "n": 224
    }
  },
  "Trunc/lora_m1_2048": {
    "test": {
      "lb/qasper": 31.55939298796442,
      "lb/2wikimqa": 27.564102564102566,
      "lb/qasper_e": 30.03794559350115,
      "lb/hotpotqa_e": 33.95061728395062,
      "lb/2wikimqa_e": 21.428571428571427,
      "mean": 28.908125971618034,
      "micro": 28.867016581302295,
      "n": 70
    },
    "extended_test": {
      "lb/qasper": 30.6224968142526,
      "lb/2wikimqa": 18.722357889024554,
      "lb/qasper_e": 31.675915675488376,
      "lb/hotpotqa_e": 41.851851851851855,
      "lb/2wikimqa_e": 23.82903981264637,
      "mean": 29.34033240865275,
      "micro": 27.674099022833527,
      "n": 224
    }
  },
  "M1_recency/cs1024": {
    "test": {
      "lb/qasper": 0.0,
      "lb/2wikimqa": 0.0,
      "lb/qasper_e": 0.0,
      "lb/hotpotqa_e": 0.0,
      "lb/2wikimqa_e": 0.0,
      "mean": 0.0,
      "micro": 0.0,
      "n": 70
    },
    "extended_test": {
      "lb/qasper": 0.0,
      "lb/2wikimqa": 0.0,