{
  "B0": {
    "test": {
      "lb/qasper": 25.850230414746544,
      "lb/2wikimqa": 26.515151515151516,
      "lb/qasper_e": 6.06060606060606,
      "lb/hotpotqa_e": 44.56349206349207,
      "lb/2wikimqa_e": 17.460317460317462,
      "mean": 24.089959502862733,
      "micro": 22.40546146122183,
      "n": 70
    },
    "extended_test": {
      "lb/qasper": 18.338067109979246,
      "lb/2wikimqa": 17.858746192079526,
      "lb/qasper_e": 13.111654777634385,
      "lb/hotpotqa_e": 45.87734845799361,
      "lb/2wikimqa_e": 23.267215480330236,
      "mean": 23.690606403603404,
      "micro": 22.30278798286053,
      "n": 224
    }
  },
  "B1/cs1024": {
    "test": {
      "lb/qasper": 22.294372294372295,
      "lb/2wikimqa": 10.416666666666666,
      "lb/qasper_e": 7.264957264957265,
      "lb/hotpotqa_e": 17.647058823529413,
      "lb/2wikimqa_e": 6.547619047619047,
      "mean": 12.834134819428936,
      "micro": 12.447454506278035,
      "n": 70
    },
    "extended_test": {
      "lb/qasper": 15.357041988684978,
      "lb/2wikimqa": 5.349216566536829,
      "lb/qasper_e": 4.803954625933727,
      "lb/hotpotqa_e": 14.242793891750246,
      "lb/2wikimqa_e": 4.272703616965912,
      "mean": 8.80514213797434,
      "micro": 7.604582510281419,
      "n": 224
    }
  },
  "B1/cs2048": {
    "test": {
      "lb/qasper": 23.319327731092436,
      "lb/2wikimqa": 7.626262626262626,
      "lb/qasper_e": 6.140350877192983,
      "lb/hotpotqa_e": 25.925925925925927,
      "lb/2wikimqa_e": 8.928571428571429,
      "mean": 14.38808771780908,
      "micro": 13.780330952157577,
      "n": 70
    },
    "extended_test": {
      "lb/qasper": 16.844495419675205,
      "lb/2wikimqa": 4.403649787636716,
      "lb/qasper_e": 7.661777219640126,
      "lb/hotpotqa_e": 21.46594982078853,
      "lb/2wikimqa_e": 8.32286987009618,
      "mean": 11.739748423567352,
      "micro": 10.278581252614941,
      "n": 224
    }
  },
  "M1": {
    "test": {
      "lb/qasper": 45.033787259610435,
      "lb/2wikimqa": 10.0,
      "lb/qasper_e": 35.62382168704008,
      "lb/hotpotqa_e": 30.507246376811594,
      "lb/2wikimqa_e": 30.158730158730158,
      "mean": 30.264717096438453,
      "micro": 31.143014153503263,
      "n": 70
    },
    "extended_test": {
      "lb/qasper": 35.922369794922915,
      "lb/2wikimqa": 23.589065255731924,
      "lb/qasper_e": 27.81248706287814,
      "lb/hotpotqa_e": 47.83076203833567,
      "lb/2wikimqa_e": 31.925578974759304,
      "mean": 33.41605262532559,
      "micro": 31.843364744590062,
      "n": 224
    }
  },
  "M2/cs1024": {
    "test": {
      "lb/qasper": 28.30457786979526,
      "lb/2wikimqa": 27.564102564102566,
      "lb/qasper_e": 8.094417784340266,
      "lb/hotpotqa_e": 17.5,
      "lb/2wikimqa_e": 24.155844155844157,
      "mean": 21.12378847481645,
      "micro": 20.29878084637582,
      "n": 70
    },
    "extended_test": {
      "lb/qasper": 19.48966750128259,
      "lb/2wikimqa": 23.744293393416196,
      "lb/qasper_e": 12.132686613127722,
      "lb/hotpotqa_e": 26.356492969396196,
      "lb/2wikimqa_e": 22.045573091860458,
      "mean": 20.75374271381663,
      "micro": 20.650875125643587,
      "n": 224
    }
  },
  "M2/cs2048": {
    "test": {
      "lb/qasper": 26.78941141674061,
      "lb/2wikimqa": 25.0,
      "lb/qasper_e": 6.06060606060606,
      "lb/hotpotqa_e": 18.452380952380953,
      "lb/2wikimqa_e": 15.178571428571429,
      "mean": 18.29619397165981,
      "micro": 17.401017719340704,
      "n": 70
    },
    "extended_test": {
      "lb/qasper": 20.195008384996733,
      "lb/2wikimqa": 20.895886974318348,
      "lb/qasper_e": 10.14123648831724,
      "lb/hotpotqa_e": 24.70734678743577,
      "lb/2wikimqa_e": 20.493787751030627,
      "mean": 19.286653277219745,
      "micro": 19.005195743835074,
      "n": 224
    }
  },
  "M4/cs1024": {
    "test": {
      "lb/qasper": 29.299251473164514,
      "lb/2wikimqa": 44.230769230769226,
      "lb/qasper_e": 26.55592598121334,
      "lb/hotpotqa_e": 43.452380952380956,
      "lb/2wikimqa_e": 22.7891156462585,
      "mean": 33.265488656757306,
      "micro": 32.277737279022354,
      "n": 70
    },
    "extended_test": {
      "lb/qasper": 25.393559611449064,
      "lb/2wikimqa": 27.2673314339981,
      "lb/qasper_e": 23.77829140629392,
      "lb/hotpotqa_e": 41.205837173579106,
      "lb/2wikimqa_e": 22.51126516629011,
      "mean": 28.031256958322057,
      "micro": 26.91696132685909,
      "n": 224
    }
  },
  "M4/cs2048": {
    "test": {
      "lb/qasper": 39.67667253381539,
      "lb/2wikimqa": 25.0,
      "lb/qasper_e": 30.474599899887252,
      "lb/hotpotqa_e": 35.50724637681159,
      "lb/2wikimqa_e": 24.603174603174605,
      "mean": 31.05233868273777,
      "micro": 31.06496592339385,
      "n": 70
    },
    "extended_test": {
      "lb/qasper": 23.410021604519905,
      "lb/2wikimqa": 21.995884773662556,
      "lb/qasper_e": 14.585349662958784,
      "lb/hotpotqa_e": 29.55119214586255,
      "lb/2wikimqa_e": 27.238462812233305,
      "mean": 23.35618219984742,
      "micro": 23.149364918243258,
      "n": 224
    }
  },
  "Trunc/plain_1024": {
    "test": {
      "lb/qasper": 29.796850246948093,
      "lb/2wikimqa": 26.515151515151516,
      "lb/qasper_e": 13.989535236927214,
      "lb/hotpotqa_e": 9.375,
      "lb/2wikimqa_e": 12.5,
      "mean": 18.435307399805364,
      "micro": 18.20927651291116,
      "n": 70
    },
    "extended_test": {
      "lb/qasper": 23.35548565305852,
      "lb/2wikimqa": 18.952220618887285,
      "lb/qasper_e": 14.549580277516508,
      "lb/hotpotqa_e": 23.521505376344088,
      "lb/2wikimqa_e": 13.524590163934427,
      "mean": 18.780676417948165,
      "micro": 17.831441132813445,
      "n": 224
    }
  },
  "Trunc/plain_2048": {
    "test": {
      "lb/qasper": 24.80572336141127,
      "lb/2wikimqa": 25.0,
      "lb/qasper_e": 12.423893873169236,
      "lb/hotpotqa_e": 17.283950617283953,
      "lb/2wikimqa_e": 14.285714285714286,
      "mean": 18.75985642751575,
      "micro": 18.261680345488738,
      "n": 70
    },
    "extended_test": {
      "lb/qasper": 19.96673748889912,
      "lb/2wikimqa": 17.226631393298064,
      "lb/qasper_e": 12.72395850676132,
      "lb/hotpotqa_e": 31.905615292712074,
      "lb/2wikimqa_e": 19.53551912568306,
      "mean": 20.27169236147073,
      "micro": 19.353645209529592,
      "n": 224
    }
  },
  "Trunc/lora_m1_1024": {
    "test": {
      "lb/qasper": 26.350835825473506,
      "lb/2wikimqa": 26.515151515151516,
      "lb/qasper_e": 27.19613462669018,
      "lb/hotpotqa_e": 33.888888888888886,
      "lb/2wikimqa_e": 21.428571428571427,
      "mean": 27.075916456955106,
      "micro": 26.904151566936246,
      "n": 70
    },
    "extended_test": {
      "lb/qasper": 25.50167382901617,
      "lb/2wikimqa": 18.581850248516915,
      "lb/qasper_e": 28.149150555459617,
      "lb/hotpotqa_e": 37.31182795698925,
      "lb/2wikimqa_e": 18.989071038251367,
      "mean": 25.706714725646663,
      "micro": 24.23810000669452,
      "n": 224
    }
  },
  "Trunc/lora_m1_2048": {
    "test": {
      "lb/qasper": 31.55939298796442,
      "lb/2wikimqa": 27.564102564102566,
      "lb/qasper_e": 30.03794559350115,
      "lb/hotpotqa_e": 33.95061728395062,
      "lb/2wikimqa_e": 21.428571428571427,
      "mean": 28.908125971618034,
      "micro": 28.867016581302295,
      "n": 70
    },
    "extended_test": {
      "lb/qasper": 30.6224968142526,
      "lb/2wikimqa": 18.722357889024554,
      "lb/qasper_e": 31.675915675488376,
      "lb/hotpotqa_e": 41.851851851851855,
      "lb/2wikimqa_e": 23.82903981264637,
      "mean": 29.34033240865275,
      "micro": 27.674099022833527,
      "n": 224
    }
  },
  "M1_recency/cs1024": {
    "test": {
      "lb/qasper": 0.0,
      "lb/2wikimqa": 0.0,
      "lb/qasper_e": 0.0,
      "lb/hotpotqa_e": 0.0,
      "lb/2wikimqa_e": 0.0,
      "mean": 0.0,
      "micro": 0.0,
      "n": 70
    },
    "extended_test": {
      "lb/qasper": 0.0,
      "lb/2wikimqa": 0.0,