condition,mean_recency,mean_cache_size,n_layers
M1,2513.4207,6060.0,16
M4/cs1024,1703.0605,993.1875,16
M4/cs2048,1691.4802,2048.0,16
M2/cs1024,1690.4392,985.1875,16
M2/cs2048,1615.3098,2048.0,16
B1/cs1024,5067.955,1024.0,16
B1/cs2048,4352.027,2048.0,16
Trunc/plain_1024,512.99994,1025.0,16
Trunc/plain_2048,1024.9998,2049.0,16
A4/cs1024,2528.2715,6094.0,16
A4/cs2048,2506.6096,6094.0,16
Trunc/lora_1024,512.99994,1025.0,16
Trunc/lora_2048,1024.9998,2049.0,16
