condition,mean_recency,mean_cache_size,n_layers
M1,2610.8281,6060.0,16
M4/cs1024,1723.7793,979.8125,16
M4/cs2048,1693.9946,2048.0,16
M2/cs1024,1713.2222,973.6875,16
M2/cs2048,1676.3937,2048.0,16
B1/cs1024,5683.781,1024.0,16
B1/cs2048,4180.9346,2048.0,16
Trunc/plain_1024,512.99994,1025.0,16
Trunc/plain_2048,1024.9827,2049.0,16
A4/cs1024,2616.945,6094.0,16
A4/cs2048,2610.5828,6094.0,16
Trunc/lora_1024,512.99994,1025.0,16
Trunc/lora_2048,1024.9827,2049.0,16
