{
  "type": "eval_namm_splits",
  "source": "GCS all_results_current_split.json (M2 base + NAMM cs1024)",
  "source_file": "eval_results/m2_namm_resplit/20260416_134258/results.json",
  "config": {
    "lora_checkpoint": null,
    "namm_checkpoint": "/cs/student/project_msc/2025/csml/rhautier/evo-memory-giacommo/eval_results/namm_cs1024_maskfix/ckpt.pt",
    "eval_mode": "namm",
    "cache_size": 1024,
    "truncate_input_to": null
  },
  "scores_per_split": {
    "test": {
      "micro_mean_f1": 12.625441131550152,
      "lb/qasper": 17.093962585034014,
      "lb/2wikimqa": 16.666666666666668,
      "lb/qasper_e": 7.264957264957265,
      "lb/hotpotqa_e": 13.257575757575758,
      "lb/2wikimqa_e": 11.043233082706767
    },
    "extended_test": {
      "micro_mean_f1": 18.17738132931646,
      "lb/qasper": 16.368644802845143,
      "lb/2wikimqa": 22.068439611917867,
      "lb/qasper_e": 11.421086499096136,
      "lb/hotpotqa_e": 20.685527922370024,
      "lb/2wikimqa_e": 20.31065203859321
    }
  }
}