{
  "M1_full": {
    "mean_entropy": [
      4.03381073474884,
      4.749953627586365,
      5.5107645988464355
    ],
    "std_entropy": [
      1.0075516025318279,
      1.1819936131721989,
      1.201737797521678
    ],
    "mean_top1_prob": [
      0.39498157426714897,
      0.39590834453701973,
      0.33737388749917346
    ],
    "std_top1_prob": [
      0.1455681226371419,
      0.20540954408082962,
      0.13034376320551877
    ],
    "mean_nll": [
      1.0095830857753754,
      1.0561645776033401,
      1.18110990524292
    ],
    "std_nll": [
      0.41920439213429667,
      0.5039471370100853,
      0.4598771047059041
    ],
    "n_active": [
      4,
      4,
      3
    ]
  },
  "M1_namm": {
    "mean_entropy": [
      3.0482557713985443,
      6.2759146094322205,
      3.9629796147346497
    ],
    "std_entropy": [
      1.7050154894576186,
      1.892711339636447,
      3.329875648021698
    ],
    "mean_top1_prob": [
      0.5147248953580856,
      0.24962362833321095,
      0.5303179547190666
    ],
    "std_top1_prob": [
      0.25192441651180963,
      0.22169845577035785,
      0.3948177769780159
    ],
    "mean_nll": [
      0.7779046669602394,
      1.851304017007351,
      1.0382985509932041
    ],
    "std_nll": [
      0.4696509697753265,
      1.003845851522778,
      0.9604837261140347
    ],
    "n_active": [
      4,
      4,
      2
    ]
  },
  "A4_namm": {
    "mean_entropy": [
      5.516566753387451,
      6.170561671257019,
      6.628775278727214,
      6.3750176429748535,
      6.8963596026102705,
      6.201679865519206,
      6.546713670094808,
      5.929961204528809,
      6.597913980484009,
      5.836697578430176,
      6.426450729370117,
      5.723159313201904,
      6.363156080245972,
      7.0130205154418945,
      6.778690814971924,
      7.103808403015137,
      6.71295166015625,
      7.0074052810668945,
      6.654907703399658,
      7.023619651794434,
      6.625823020935059,
      6.973368167877197,
      6.592559337615967,
      6.968669414520264,
      6.551481246948242,
      7.028393745422363,
      6.5310163497924805,
      6.939043998718262,
      6.511534214019775,
      6.896876811981201,
      6.515338897705078,
      6.911753177642822,
      6.497721195220947,
      6.971947193145752,
      6.088788032531738,
      6.931046485900879,
      6.442090034484863,
      7.3464813232421875,
      6.478507041931152,
      6.900003433227539,
      6.460799694061279,
      6.874414443969727,
      6.130049228668213,
      6.938758373260498,
      6.415792465209961,
      7.380958080291748,
      6.429573059082031,
      7.393136024475098,
      6.4516777992248535,
      7.375232696533203,
      6.405250549316406,
      7.391017913818359,
      6.398387908935547,
      7.410592079162598,
      6.369829177856445,
      7.39518928527832,
      6.396522521972656,
      7.415374755859375,
      6.4108099937438965,
      7.44009256362915,
      6.419240474700928,
      7.412980556488037,
      6.406491279602051,
      7.449148654937744,
      6.423027515411377,
      7.434680938720703,
      6.39109992980957,
      7.433261871337891,
      6.395486831665039,
      7.470935821533203,
      6.394086837768555,
      7.462277412414551,
      6.406699180603027,
      7.483667850494385,
      6.391278266906738,
      7.475751876831055,
      6.418509483337402,
      7.478211879730225,
      6.4264068603515625,
      7.493788242340088,
      6.435783863067627,
      7.461373329162598,
      6.465259552001953,
      7.505411624908447,
      6.416718006134033,
      7.482198715209961,
      6.427555084228516,
      7.500722885131836,
      6.400503158569336,
      7.496509552001953,
      6.441894054412842,
      7.50260066986084,
      6.441253662109375,
      7.493321418762207,
      6.451444625854492,
      7.512200355529785,
      6.433748245239258,
      7.517186164855957,
      6.446073532104492,
      7.516762733459473,
      6.4155659675598145,
      7.481383323669434,
      6.4194746017456055,
      7.495605945587158,
      6.385259628295898,
      7.522812843322754,
      6.402209758758545,
      7.487916946411133,
      6.4225263595581055,
      7.52574348449707,
      6.4459228515625,
      7.497814178466797,
      6.433198928833008,
      7.529509544372559,
      6.3492231369018555,
      7.5386552810668945,
      6.435435771942139,
      7.511167526245117,
      6.398110389709473,
      7.487229347229004,
      6.413154602050781,
      7.516109943389893,
      6.393054008483887,
      7.501791477203369,
      6.388407230377197,
      7.5203118324279785,
      6.363729476928711,
      7.52193546295166
    ],
    "std_entropy": [
      0.6941546612163096,
      1.1677154035048167,
      0.5596582360514396,
      1.4147127655447538,
      0.3974152036754172,
      1.2163859553201244,
      0.4954629411762989,
      1.3877735137939453,
      0.5103886127471924,
      1.3694581985473633,
      0.5538425445556641,
      1.3390884399414062,
      0.5282390117645264,
      0.0,
      0.0,
      0.0,
      0.0,
      0.0,
      0.0,
      0.0,
      0.0,
      0.0,
      0.0,
      0.0,
      0.0,
      0.0,
      0.0,
      0.0,
      0.0,
      0.0,
      0.0,
      0.0,
      0.0,
      0.0,
      0.0,
      0.0,
      0.0,
      0.0,
      0.0,
      0.0,
      0.0,
      0.0,
      0.0,
      0.0,
      0.0,
      0.0,
      0.0,
      0.0,
      0.0,
      0.0,
      0.0,
      0.0,
      0.0,
      0.0,
      0.0,
      0.0,
      0.0,
      0.0,
      0.0,
      0.0,
      0.0,
      0.0,
      0.0,
      0.0,
      0.0,
      0.0,
      0.0,
      0.0,
      0.0,
      0.0,
      0.0,
      0.0,
      0.0,
      0.0,
      0.0,
      0.0,
      0.0,
      0.0,
      0.0,
      0.0,
      0.0,
      0.0,
      0.0,
      0.0,
      0.0,
      0.0,
      0.0,
      0.0,
      0.0,
      0.0,
      0.0,
      0.0,
      0.0,
      0.0,
      0.0,
      0.0,
      0.0,
      0.0,
      0.0,
      0.0,
      0.0,
      0.0,
      0.0,
      0.0,
      0.0,
      0.0,
      0.0,
      0.0,
      0.0,
      0.0,
      0.0,
      0.0,
      0.0,
      0.0,
      0.0,
      0.0,
      0.0,
      0.0,
      0.0,
      0.0,
      0.0,
      0.0,
      0.0,
      0.0,
      0.0,
      0.0,
      0.0,
      0.0
    ],