{
  "conditions": {
    "B0": {
      "qasper": 14.688714946779461,
      "2wikimqa": 15.833333333333334,
      "qasper_e": 12.566724270353301,
      "hotpotqa_e": 40.0,
      "2wikimqa_e": 35.68376068376069,
      "mean": 22.59234018004179
    },
    "M1": {
      "qasper": 30.66715919259427,
      "2wikimqa": 50.833333333333336,
      "qasper_e": 32.671751636997634,
      "hotpotqa_e": 44.00000000000001,
      "2wikimqa_e": 69.23076923076923,
      "mean": 45.48060267873889
    },
    "M2 buggy": {
      "qasper": 14.178739310738443,
      "2wikimqa": 29.000000000000004,
      "qasper_e": 17.823222944443994,
      "hotpotqa_e": 39.53846153846154,
      "2wikimqa_e": 38.97435897435897,
      "mean": 27.902956553600593
    },
    "M2 maskfix": {
      "qasper": 8.619122273794632,
      "2wikimqa": 20.000000000000004,
      "qasper_e": 8.808118635940932,
      "hotpotqa_e": 14.0,
      "2wikimqa_e": 23.076923076923077,
      "mean": 14.90083279733173
    },
    "M3 buggy": {
      "qasper": 21.60196894795288,
      "2wikimqa": 51.11111111111111,
      "qasper_e": 39.40480169340464,
      "hotpotqa_e": 59.666666666666664,
      "2wikimqa_e": 56.15384615384615,
      "mean": 45.58767891459629
    },
    "M3 maskfix": {
      "qasper": 21.8616140407043,
      "2wikimqa": 63.055555555555564,
      "qasper_e": 25.761189428463243,
      "hotpotqa_e": 74.0,
      "2wikimqa_e": 75.64102564102565,
      "mean": 52.06387693314976
    }
  },
  "m3_maskfix_status": "running (step 294, ~43% complete)"
}